id;name;zipcode;address;number;city;state;type
1;Secured Program;e program Alemanha;magnetic;Macio Ilhas;Franco do Norte;International generating;HOME
2;Forward connecting cross-platform;harness Secured tangible;Bicicleta Representative;Granito;Duluth;Investor;HOME
3;Aço COM;índigo;SAS SDD 17(E.U.A.-17);parsing;Liz do Sul;Plástico Fresco;LOCATION
4;help-desk;EXE Exclusive;RAM compelling;Azerbaijão;undefined Maria Clara;Liaison Tactics infomediaries;LOCATION
5;deposit alarm;salmão Leu;Account Filmes Marginal;Licenciado Forward;Saraiva de Nossa Senhora;Brinquedos Assurance Concreto;HOME
6;blockchains;Refinado Holanda synthesize;digital withdrawal;Maranhão IB;undefined Lorraine;Avenida;LOCATION
7;generation Division;viral Avenida;Strategist turn-key;compressing;undefined Alícia;PCI Gostoso Alameda;HOME
8;Teclado;Líbano Franc;eyeballs Camarões;navigate;Barros de Nossa Senhora;Manager Granito Pernambuco;LOCATION
9;Salada Concreto;Bola Dong;grow brand;Alagoas;undefined Rafaela;input;LOCATION
10;Buckinghamshire Mato;Barbados;Officer compressing Síria;card Ferramentas;Wheaton;Zimbábue Concreto;HOME
